,Date,Time,T_ambient,RH_ambient,T_upstream,RH_upstream,T_center,RH_center,T_downstream,RH_downstream,Sample_weight_g,UAI_NC_9,UAI_NC_10,UAI_NC_11,UAI_NC_12,UAI_NC_13,UAI_NC_14,UAI_NC_15
0,22/03/22,01:39:41,32.8688781242894,53.687016408861666,40.82288323538799,25.383985888003462,42.36712160868177,22.035999848604195,41.31828365554115,26.044044521096023,70.04389739298206,0,0,0,0,0,0,0
0,22/03/22,01:39:51,32.80982202946079,53.67648784378099,40.740817800809026,25.169862340084453,42.35584231113447,21.976380704425612,41.29895504110783,25.9120376772903,69.71439908232684,0,0,0,0,0,0,0
0,22/03/22,01:39:41,32.8688781242894,53.687016408861666,40.82288323538799,25.383985888003462,42.36712160868177,22.035999848604195,41.31828365554115,26.044044521096023,70.04389739298206,0,0,0,0,0,0,0
0,22/03/22,01:39:51,32.80982202946079,53.67648784378099,40.740817800809026,25.169862340084453,42.35584231113447,21.976380704425612,41.29895504110783,25.9120376772903,69.71439908232684,0,0,0,0,0,0,0
0,22/03/22,01:40:01,32.83718714339656,53.68430034424666,40.880476012258285,24.94073634986498,42.34194826733757,21.78088508730442,41.28947017726124,25.72754059598092,70.12446380403418,0,0,0,0,0,0,0
0,22/03/22,01:40:11,32.911495924681184,53.3379105530924,40.80117913253183,25.006373560808516,42.194753434345316,21.718751294538453,41.24395992064237,25.787745677694417,70.03666472653535,0,0,0,0,0,0,0
0,22/03/22,01:40:21,32.87801051008764,53.04843604853369,40.858156674990454,24.971119652457215,42.33003664553382,21.714954907593423,41.36227291597562,25.73104401415849,70.08683562796327,0,0,0,0,0,0,0
0,22/03/22,01:40:31,32.898828077246435,52.83733068927112,40.904162537107624,24.836891128831574,42.31675783614861,21.618336249490753,41.247377889596095,25.572377012513698,70.1325204451394,0,0,0,0,0,0,0
0,22/03/22,01:40:41,32.85679774026857,52.70610509551197,40.84785149859498,24.69672998766482,42.13792970048962,21.515723938687085,41.212070270304096,25.45393218123509,69.81968473313357,0,0,0,0,0,0,0
0,22/03/22,01:40:51,32.912489271908356,52.93271338538607,40.88459466484754,24.628370608590284,42.06422120000249,21.420557917389747,41.22575923596378,25.366969285426695,70.0545175108026,0,0,0,0,0,0,0
0,22/03/22,01:41:01,32.947459366766175,53.17108620232858,40.6578978739916,24.73824610342062,42.232060565475265,21.450159969935417,41.34034664513747,25.50091704731685,70.00947356280527,0,0,0,0,0,0,0
0,22/03/22,01:41:11,32.94874110512382,53.53734293802637,40.83019768894897,25.01109768218384,42.28252687707703,21.575269840673794,41.24030269386189,25.647193911504385,70.18250824108767,0,0,0,0,0,0,0
0,22/03/22,01:41:21,32.93198237609758,53.684498708516294,40.87119622654893,25.24654691496771,42.311271995977876,21.78900276356952,41.319069788400526,25.926014728904644,69.99885344498473,0,0,0,0,0,0,0
0,22/03/22,01:41:31,32.945536759229704,53.40131082542603,41.02334711452407,25.366261277571994,42.3989258097962,21.95645882823818,41.31054195586097,26.043458583561097,70.08326507110984,0,0,0,0,0,0,0
0,22/03/22,01:41:41,32.90234217657699,53.118321306605424,40.84115227944565,25.170668004194972,42.267778341041705,21.929810877431084,41.18797358918032,25.951332113226183,69.94822477985765,0,0,0,0,0,0,0
0,22/03/22,01:41:51,32.88942866262368,53.04648292341727,40.762521903665174,24.930982931314883,42.14893556052061,21.7477674095492,41.369091764038316,25.69863434425797,70.0846383622073,0,0,0,0,0,0,0
0,22/03/22,01:42:01,32.908676100294365,53.053227308584894,40.933762148246885,24.70960840640118,42.26049806717026,21.566163394818506,41.270124472983156,25.55725249989346,70.09718108756425,0,0,0,0,0,0,0
0,22/03/22,01:42:11,32.913557387206396,53.1910752171919,40.95738031371714,24.785646008589627,42.18285890238636,21.494788878845505,41.306166955600204,25.608741760774954,70.13444305267586,0,0,0,0,0,0,0
0,22/03/22,01:42:21,32.94956355390332,53.06863868645661,40.87290521102578,25.010780299352426,42.228591326987214,21.684779124544807,41.28181392680489,25.743287667232018,70.28458954600032,0,0,0,0,0,0,0
0,22/03/22,01:42:31,32.940858414224294,52.8369644783118,40.97214593959724,25.01505276054458,42.3194922113116,21.680457835224736,41.40434811379599,25.710145575412845,70.21912933702048,0,0,0,0,0,0,0
0,22/03/22,01:42:41,32.91535182090711,52.91388403856063,40.919611756778465,24.76562647614637,42.30072756175562,21.547059389773572,41.3745434245195,25.57168121169098,69.97285246687245,0,0,0,0,0,0,0
0,22/03/22,01:42:51,32.95545955034849,52.84177099715298,40.9204149794826,24.657875004880133,42.308623070038735,21.459144345470925,41.311994592666295,25.494752496168164,70.23762299046653,0,0,0,0,0,0,0
0,22/03/22,01:43:01,32.829710336310285,52.83786474692014,40.92489251881197,24.682960455594092,42.35479983060358,21.4348035237076,41.342790492939386,25.429029836000794,70.18910003835558,0,0,0,0,0,0,0
0,22/03/22,01:43:11,32.84941706355912,52.83687292557197,40.91081048672261,24.709547371241296,42.42926028426052,21.41662725309296,41.20945552405449,25.411610401368762,69.75477384059273,0,0,0,0,0,0,0
0,22/03/22,01:43:21,32.88147120365329,52.828923095996565,40.957807559836354,24.610011232495978,42.38542483242897,21.344471487073392,41.33521969170687,25.384437548186632,70.03071379844624,0,0,0,0,0,0,0
0,22/03/22,01:43:31,32.85096583074128,52.83588110422379,40.8695726912959,24.62319482703178,42.262036153199446,21.338770803139855,41.29567379091225,25.340980514346395,69.95847868671883,0,0,0,0,0,0,0
0,22/03/22,01:43:41,32.85584711765331,52.62225804461586,40.78215813530433,24.52374413751031,42.21989259599998,21.313783008681717,41.406415985013,25.287208538485086,69.92927336271245,0,0,0,0,0,0,0
0,22/03/22,01:43:51,32.857011363328176,52.55254063323382,40.851320737083,24.478321771521674,42.40613772428857,21.227772261367576,41.390881316118325,25.22431790973651,70.06944060739517,0,0,0,0,0,0,0
0,22/03/22,01:44:01,32.9006438732531,52.55083164875695,40.86130120642788,24.46073143844196,42.309511741966716,21.182618450082447,41.180556596550744,25.180299352425294,70.19532562466412,0,0,0,0,0,0,0
0,22/03/22,01:44:11,32.87916407460953,52.56212315333623,40.87411859000436,24.432667471925466,42.25162843773535,21.119654579142008,41.312268030182594,25.122804231810818,69.58009121299331,0,0,0,0,0,0,0
0,22/03/22,01:44:21,32.825907845849265,52.636418201709866,40.84757806107868,24.385645984747768,42.37629885532253,21.135413857425085,41.2193676340203,25.092372101090675,69.70588467752246,0,0,0,0,0,0,0
0,22/03/22,01:44:31,32.78751978203773,52.62598118936903,40.850602963602725,24.348414537216097,42.329797387707075,21.12376834891846,41.331477015702546,25.105616730786366,69.93879484765498,0,0,0,0,0,0,0
0,22/03/22,01:44:41,32.778355352780544,52.6899612957216,40.87005120694943,24.360609362161718,42.30865724972827,21.11412479365616,41.290410118723514,25.051649442413414,69.59025356711466,0,0,0,0,0,0,0
0,22/03/22,01:44:51,32.851403758013475,52.837818970550224,40.75771965728519,24.34753563091371,42.33401857936492,21.102137488254158,41.41007321179349,25.054261747256625,70.27406098091964,0,0,0,0,0,0,0
0,22/03/22,01:45:01,32.7253661528448,52.91167151401469,40.871828550805375,24.37237694098812,42.24163087854569,21.06359988830089,41.383635221936416,25.022389186763117,70.14112640268362,0,0,0,0,0,0,0
0,22/03/22,01:45:11,32.74359888098234,52.843510499209785,40.8270702473563,24.379969714878182,42.27714357597492,21.070008580089127,41.32812740612789,25.01735988958835,69.98649382510743,0,0,0,0,0,0,0
0,22/03/22,01:45:21,32.73769220338417,52.69427953328367,40.83617913461799,24.390272449867275,42.360046412947554,21.124256630197564,41.31642086246137,25.04537502797693,70.17866302601473,0,0,0,0,0,0,0
0,22/03/22,01:45:31,32.96348109623677,52.85432898129993,40.871469664065216,24.37230369879625,42.33181398938977,21.117347450098244,41.36680172483932,25.056629911460277,70.11576629375016,0,0,0,0,0,0,0
0,22/03/22,01:45:41,32.97619166828345,53.156041035416195,40.826403743410324,24.365394518696935,42.29908693665783,21.097340124686966,41.25416255796925,24.999806177604565,70.11640716292901,0,0,0,0,0,0,0
0,22/03/22,01:45:51,33.00033107401914,53.535511883229724,40.839357845744956,24.404884267144457,42.29209719014747,21.135487099616952,41.3343310197789,25.0760146782407,69.8692147653827,0,0,0,0,0,0,0
0,22/03/22,01:46:01,33.00817104030675,53.68263713613971,40.772758720681594,24.66956934151467,42.41300784188556,21.23333866794936,41.47867184869479,25.245790078985102,69.93797087299647,0,0,0,0,0,0,0
0,22/03/22,01:46:11,33.000192219030396,53.67780009971859,40.76462395457172,24.753553721520525,42.33222414566421,21.341908010358097,41.291691857081176,25.300416547084843,69.89494108527546,0,0,0,0,0,0,0
0,22/03/22,01:46:21,33.038430746700215,53.67485515325399,40.80965569553706,24.680030767919465,42.22486574082765,21.391004692971986,41.345952114221575,25.339869674436432,69.9546334716459,0,0,0,0,0,0,0
0,22/03/22,01:46:31,33.0403960788486,53.5496415227438,40.804477472572174,24.626820315529127,42.28579103742783,21.330274708883447,41.36709225220038,25.329859908214804,70.26023651720502,0,0,0,0,0,0,0
0,22/03/22,01:46:41,33.0419768894897,53.403508091182005,40.908127381093934,24.560743651434404,42.37207766366468,21.298719531221362,41.38095211630774,25.278468303589126,70.28724457545545,0,0,0,0,0,0,0
0,22/03/22,01:46:51,33.045886191480534,53.329152007648474,40.943383730851636,24.528297360437954,42.31711672288874,21.29716923816021,41.20538814099956,25.27358549079809,70.16502166777977,0,0,0,0,0,0,0
0,22/03/22,01:47:01,33.058810386586806,53.33275308208186,40.829497005313456,24.521351559242703,42.329814477551835,21.211427045549577,41.186367143772074,25.21908109301812,69.8578622256435,0,0,0,0,0,0,0
0,22/03/22,01:47:11,33.07825008501113,53.19264687255902,40.92916498000413,24.46712792319822,42.24205812466491,21.233924605484287,41.23698726397677,25.170753453418815,66.36878731064722,0,0,0,0,0,0,0
0,22/03/22,01:47:21,33.073261986569285,53.19229592038966,40.846279232876256,24.446070793036867,42.33287355976543,21.242200973165097,41.31989010094942,25.15711819869984,69.49970790742084,0,0,0,0,0,0,0
0,22/03/22,01:47:31,32.94594264304296,53.18573464070169,40.79430901493484,24.486830072810058,42.3223120356984,21.18855106762356,41.37415035808982,25.096852081826455,69.89539884897461,0,0,0,0,0,0,0
0,22/03/22,01:47:41,32.59444726076408,53.330738921805555,40.706415943289755,24.499977046249928,42.24949220713927,21.178724406881592,41.43124752946184,25.140101596123078,69.95738005384088,0,0,0,0,0,0,0
0,22/03/22,01:47:51,32.88221888436192,53.55331889112704,40.87220452739027,24.466090325480124,42.31168215225232,21.196680950920637,41.38973629651882,25.143324252565158,69.94474577574407,0,0,0,0,0,0,0
0,22/03/22,01:48:01,32.90531153710553,53.5366715512676,40.889977965949655,24.52668603221691,42.312177757750604,21.217774702177923,41.32462398795032,25.169996617436208,69.87461637703278,0,0,0,0,0,0,0
0,22/03/22,01:48:11,32.932067825321425,53.54333964248536,40.77850090852385,24.519508297414085,42.24510011703373,21.2315198201847,41.341320766289286,25.221290565806065,69.78864835433056,0,0,0,0,0,0,0
0,22/03/22,01:48:21,32.94815364170991,53.680714528603225,40.848415463472335,24.540443357255658,42.268154317626596,21.226417280818062,41.40680905144268,25.194325232167554,70.09278655605236,0,0,0,0,0,0,0
0,22/03/22,01:48:31,32.99725490196079,53.84454815653254,40.91144281097907,24.54068749789521,42.34143557199451,21.300990039169196,41.26735591813062,25.223646522977745,69.95188688945093,0,0,0,0,0,0,0
0,22/03/22,01:48:41,32.89601893401259,53.69183818649282,40.91140863128952,24.549623045302813,42.33314699728173,21.291871386281933,41.29528072448258,25.270277385132157,70.23341156443425,0,0,0,0,0,0,0
0,22/03/22,01:48:51,32.04679250400022,53.67043010416211,40.82623284496265,24.59924463029174,42.31957766053543,21.334193166148257,41.44907223755551,25.304322797317674,69.91398405516051,0,0,0,0,0,0,0
0,22/03/22,01:49:01,32.01817769516574,53.67564861033254,40.855747006878076,24.55162499854714,42.180585953032136,21.296937304552635,41.30406490469366,25.29347074588959,69.90977262912823,0,0,0,0,0,0,0
0,22/03/22,01:49:11,31.968670551101603,53.67702190143001,40.85960931179578,24.58391259812788,42.29539553018782,21.3117200202775,41.353933071728534,25.237074258153097,70.10139251359654,0,0,0,0,0,0,0
0,22/03/22,01:49:21,32.22866049579743,53.69212810350229,40.809775324450456,24.501380854927355,42.41223879887096,21.270582322513004,41.29336666186849,25.241249063089437,69.76209805977929,0,0,0,0,0,0,0
0,22/03/22,01:49:31,32.21239309980829,54.02579206381989,40.76568352494738,24.557789549695823,42.298044456126945,21.259205368709885,41.31900142902144,25.214466834930594,70.0310800094056,0,0,0,0,0,0,0
0,22/03/22,01:49:41,32.2321105082101,54.16763777539956,41.049887643449765,24.60841211130691,42.30006105780966,21.264429978396297,41.37233883454435,25.22325589795446,69.54969570336911,0,0,0,0,0,0,0
0,22/03/22,01:49:51,31.62292162912617,54.0154313454289,40.79933342929682,24.648939457472533,42.357551295611344,21.31010869205646,41.37044186177502,25.311634809472256,69.74937222894263,0,0,0,0,0,0,0
0,22/03/22,01:50:01,31.654131958134894,53.89149945327636,40.805229425742,24.622157229313686,42.37816164840231,21.34498418241645,41.442817354370206,25.291664105156908,70.04490447312021,0,0,0,0,0,0,0
0,22/03/22,01:50:11,32.262370214603564,53.88315289516169,40.818422785903394,24.626747073337263,42.208596208607915,21.357056937042294,41.30428707267565,25.320436079528097,69.91901945585126,0,0,0,0,0,0,0
0,22/03/22,01:50:21,32.326916422064095,53.81699078184312,40.88295403974975,24.59818261850969,42.465507845014784,21.344276174561752,41.45777096854276,25.305751020059052,69.77821134198967,0,0,0,0,0,0,0
0,22/03/22,01:50:31,32.2909529799791,53.87346356352948,40.83318841178348,24.636036624672215,42.32708010238886,21.33910039300325,41.266398886823595,25.294435101415818,66.14274359600208,0,0,0,0,0,0,0
0,22/03/22,01:50:41,32.22377920888539,53.82085125570604,40.7038353767297,24.62026513935716,42.14885011129677,21.33729375227057,41.31276363568088,25.287940960403738,70.06449675944428,0,0,0,0,0,0,0
0,22/03/22,01:50:51,32.21700735789582,53.80925457532732,40.71355949840304,24.60131982572793,42.328242211833114,21.285889940612908,41.283950157400966,25.301063519779653,69.9597604250765,0,0,0,0,0,0,0
0,22/03/22,01:51:01,32.249328526814494,54.0290574448739,40.77783440457789,24.631947268959717,42.23951173779439,21.35089238589361,41.56839353373012,25.3064346138498,70.07813811767925,0,0,0,0,0,0,0
0,22/03/22,01:51:11,32.24909354144893,54.30397506379932,40.89192620825327,24.663465825525872,42.25096193378937,21.35769170270513,41.37054440084364,25.391175829838268,69.95994353055615,0,0,0,0,0,0,0
0,22/03/22,01:51:21,32.264442358281755,54.6548204216254,40.87259759381996,24.91782375084303,42.16834962417778,21.452979794322243,41.37201412749374,25.55385894500369,70.16666961709673,0,0,0,0,0,0,0
0,22/03/22,01:51:31,32.32040091874605,54.86179064880554,40.77703118187375,25.15351712426645,42.391560086700906,21.66019416214193,41.38372067116026,25.779115306086258,69.63447354045351,0,0,0,0,0,0,0
0,22/03/22,01:51:41,32.318531716974476,54.87247180178593,40.78133782275543,25.342481979279636,42.26894045048597,21.914076013211968,41.329511683554145,25.977186606954728,70.06641936698074,0,0,0,0,0,0,0
0,22/03/22,01:51:51,32.20446768429682,54.66537950428602,40.94604974663555,25.33175199817133,42.23347902259104,21.966663906971448,41.436579561029646,26.004188561689173,69.90006803870605,0,0,0,0,0,0,0
0,22/03/22,01:52:01,32.36204673421661,54.51743027671756,40.899787536846844,25.170619176067067,42.34781008409321,21.90982796608376,41.31893306964237,25.925660724977295,69.93421721066338,0,0,0,0,0,0,0
0,22/03/22,01:52:11,32.29264060215,54.37546249481812,40.9274901752168,25.06025539995762,42.325507836670155,21.793348466953542,41.411013153255766,25.827796949612914,69.97523283810808,0,0,0,0,0,0,0
0,22/03/22,01:52:21,32.37516319007654,54.384266816631964,41.01835687985164,25.04030910970623,42.48596438920285,21.78403450155464,41.454489718347176,25.83442536797675,70.13261199787925,0,0,0,0,0,0,0
0,22/03/22,01:52:31,33.25863339654406,54.31049056711738,40.84752679154437,25.042738309069772,42.406770048545,21.7777356730542,41.36856197885048,25.774110422975443,70.13563323829372,0,0,0,0,0,0,0
0,22/03/22,01:52:41,33.26139981516599,54.18678755681441,40.9120751352355,25.046058621767674,42.25005617201663,21.726588209068073,41.30661129156418,25.749086007421372,70.05341887792459,0,0,0,0,0,0,0
0,22/03/22,01:52:51,33.29367825947275,54.03070539419088,41.007914984698004,24.958985862671486,42.37749514445633,21.69044318738241,41.4845507552952,25.728785713242637,70.1912057513717,0,0,0,0,0,0,0
0,22/03/22,01:53:01,33.29497067898337,53.88637249984577,40.95343255957559,24.916200215590013,42.54466800598311,21.704835278083998,41.52718991799294,25.673207096648635,70.1023995937347,0,0,0,0,0,0,0
0,22/03/22,01:53:11,33.30958249626055,53.82019512773723,41.05122065134172,24.907020527542862,42.38074221496237,21.64434943463501,41.5277538828703,25.647633364655576,66.50172188888322,0,0,0,0,0,0,0
0,22/03/22,01:53:21,33.33085935299751,53.819493223398524,40.94135003932418,24.921888692491574,42.34447756436333,21.638844063213114,41.44261227623298,25.577369688592533,70.38429047967732,0,0,0,0,0,0,0
0,22/03/22,01:53:31,33.23581845377794,53.8131303079802,41.019553168985425,24.901783710824475,42.38390383624457,21.609290838795356,41.44999508917303,25.594984435736208,70.41322114546425,0,0,0,0,0,0,0
0,22/03/22,01:53:41,33.1952514347584,54.02913373882377,40.969855900398244,24.914222676409643,42.31908205503714,21.574879215650512,41.51951657769183,25.54045562389228,69.96397185110878,0,0,0,0,0,0,0
0,22/03/22,01:53:51,33.22449643161872,54.30881210022045,40.88948236045137,24.889662128070718,42.38988528191359,21.63501105517215,41.52527585537885,25.596669006149114,70.2223336829146,0,0,0,0,0,0,0
0,22/03/22,01:54:01,33.23128964491424,54.51852890959554,40.95739740356191,25.105519074530548,42.46068850879003,21.740846022417905,41.49584714268727,25.738490303664825,70.20466400412701,0,0,0,0,0,0,0
0,22/03/22,01:54:11,33.24721524400801,54.67419908488983,40.86183099161572,25.211488319128055,42.27381105624504,21.874720542116197,41.53513669581035,25.921144123145588,70.31297089534822,0,0,0,0,0,0,0
0,22/03/22,01:54:21,33.22620541609558,54.877446167316805,41.058347116610236,25.46986235796585,42.3456396738076,22.00413949514267,41.363845181694344,26.097023039878785,70.12281585471722,0,0,0,0,0,0,0
0,22/03/22,01:54:31,33.35364225230469,54.88214587462818,40.926379335306834,25.634767152951188,42.391594266390456,22.22378062151555,41.40017819167245,26.237171974013563,70.3707406741822,0,0,0,0,0,0,0
0,22/03/22,01:54:41,32.38562003884435,54.65317247230842,41.01538324686189,25.70575104390091,42.369736354931376,22.30562877092533,41.48909665400366,26.31819004524887,70.08747649714208,0,0,0,0,0,0,0
0,22/03/22,01:54:51,32.452719041867205,54.37163253853516,41.008735297246886,25.533497615665055,42.399848661413714,22.283912461037186,41.540229469551406,26.178212009561776,70.11549163553066,0,0,0,0,0,0,0
0,22/03/22,01:55:01,33.04439083006327,54.38196273934619,40.959431095089386,25.364125046975914,42.270393087291296,22.183643900373216,41.30450924065765,26.10831454445806,70.27744843229341,0,0,0,0,0,0,0
0,22/03/22,01:55:11,32.88083033447446,54.52724167866955,40.91728753788992,25.30433500434965,42.23582033132435,22.135499366253576,41.41593502854914,26.046192958724077,70.03300261694207,0,0,0,0,0,0,0
0,22/03/22,01:55:21,33.01338344296118,54.520344705602206,40.81430413331414,25.3852187982332,42.32692629378593,22.125660498479636,41.377978483318,26.059120205588354,70.33805634606217,0,0,0,0,0,0,0
0,22/03/22,01:55:31,33.077267418936934,54.316212613356875,40.99841303100665,25.33634184219491,42.395559110376766,22.098292332785867,41.44630368270299,25.981996177553903,70.1084420745636,0,0,0,0,0,0,0
0,22/03/22,01:55:41,32.99471278755145,54.305989224075624,41.039274849848454,25.270362834356003,42.23840089788442,22.04679086487239,41.282394981527034,25.991786217199937,70.23826385964534,0,0,0,0,0,0,0
0,22/03/22,01:55:51,32.96217799557316,54.38593002473891,40.93285638647416,25.225062538687144,42.266325704236365,22.021900726670072,41.47617673135858,25.946119710571747,70.25025726856333,0,0,0,0,0,0,0
0,22/03/22,01:56:01,32.992544513496426,54.52429673220496,40.95261224702669,25.28443754222617,42.31947512146681,22.066773776219716,41.321103479927984,26.0550064358119,70.32139374741278,0,0,0,0,0,0,0
0,22/03/22,01:56:11,33.02460933474358,54.72913072878902,40.95828607548988,25.404371631406047,42.27854494324593,22.178590189134493,41.432836885025324,26.173756442889957,70.25996185898552,0,0,0,0,0,0,0
0,22/03/22,01:56:21,33.074073754195794,54.87100695794863,40.884457946089384,25.578944395717645,42.38046877744607,22.216810406256343,41.45226803852725,26.297413676823002,66.50044015052558,0,0,0,0,0,0,0
0,22/03/22,01:56:31,33.14476162462006,55.00522327454229,40.963669376591994,25.68252106204755,42.353671900848866,22.362281606333354,41.39836666812698,26.439991810321324,70.18845916917677,0,0,0,0,0,0,0
0,22/03/22,01:56:41,33.14868160776386,54.86790942358431,40.9778368579052,25.697499090284055,42.30905031615795,22.43763561473105,41.33477535574289,26.516359002373164,70.24842621376668,0,0,0,0,0,0,0
0,22/03/22,01:56:51,32.979609637237175,54.72800157833108,41.05431391324484,25.599366760216164,42.320021996499406,22.402577018891396,41.26067378882608,26.414003039241024,70.25675751309139,0,0,0,0,0,0,0
0,22/03/22,01:57:01,33.07719265086607,54.730870230845824,40.82334466119674,25.56734771533893,42.397438993301336,22.344080921654758,41.33484371512198,26.437452747669983,69.98081755523783,0,0,0,0,0,0,0
0,22/03/22,01:57:11,33.05937648769477,54.860585204397744,40.88044183256876,25.655982974528253,42.35326174457441,22.428346063396102,41.381105924910656,26.497303825456136,66.56974557457836,0,0,0,0,0,0,0
0,22/03/22,01:57:21,33.02155452499119,54.72710130972274,40.880476012258285,25.789088451211956,42.25942140694984,22.505799681293944,41.28342037221316,26.634547485980242,70.06889129095622,0,0,0,0,0,0,0
0,22/03/22,01:57:31,33.05145107218331,54.51756760582732,41.02199701678735,25.8032852294019,42.422680694024606,22.60731335921963,41.406415985013,26.59745031580033,70.0314462203649,0,0,0,0,0,0,0
0,22/03/22,01:57:41,33.61648406484628,54.38690658729712,41.04939203795146,25.612245178952524,42.196206071150655,22.481031613411403,41.414926727707794,26.54780431674745,70.05177092860762,0,0,0,0,0,0,0
0,22/03/22,01:57:51,33.602107232934664,54.31033797921764,41.00019037486257,25.53728179557811,42.2905591041183,22.403272819714118,41.38419918681379,26.46322179217469,70.23817230690548,0,0,0,0,0,0,0
0,22/03/22,01:58:01,33.614080805425694,54.16818709183855,40.9932006283522,25.639625551678275,42.19492433279302,22.361952016469957,41.271201133203576,26.47199864816658,70.04792571353468,0,0,0,0,0,0,0
0,22/03/22,01:58:11,33.614155573496554,53.83624737478778,40.94717767639027,25.52003325939377,42.32126955516752,22.36375865720264,41.3953588554477,26.39275059656802,70.03922820325066,0,0,0,0,0,0,0
0,22/03/22,01:58:21,33.59200286221521,53.688923757608165,40.866291441100316,25.373414598310866,42.29531008096397,22.252088728671595,41.41960934517439,26.217872656456986,70.13059783760293,0,0,0,0,0,0,0
0,22/03/22,01:58:31,33.61349334201177,53.696171682844856,40.95992670058767,25.237806680071756,42.261984883665136,22.128553565058326,41.37208248687281,26.0859024337472,70.10734344168563,0,0,0,0,0,0,0
0,22/03/22,01:58:41,33.590582268868815,53.5559586617922,40.746970144925726,25.167433140720913,42.3223120356984,22.077723483903615,41.22644282975453,25.996144127615935,69.96735930248256,0,0,0,0,0,0,0
0,22/03/22,01:58:51,33.59577330921729,53.54718485755831,41.011640570857566,25.12633206405235,42.22175538907976,21.997779631482338,41.28743648573378,25.9366104326612,69.94914030725596,0,0,0,0,0,0,0
0,22/03/22,01:59:01,33.62224120630271,53.68231670155029,40.816542902978824,25.057423368538817,42.25091066425506,21.937086268489733,41.383908659452715,25.87871247999146,70.09791350948291,0,0,0,0,0,0,0
0,22/03/22,01:59:11,33.00429378177487,53.67688457232026,40.99058588210261,25.057557645890572,42.35726076825027,21.90042855146101,41.34509762198316,25.921253986433385,70.01551604363416,0,0,0,0,0,0,0
0,22/03/22,01:59:21,33.04365383050762,53.67410747254536,40.84057122472353,25.0962783513235,42.27531496258466,21.9021253289059,41.34655025878848,25.88518220693959,69.82536100300317,0,0,0,0,0,0,0
0,22/03/22,01:59:31,33.120942653473776,53.67526714058323,40.935693300705736,25.143800326812286,42.2405371284805,21.882716148061522,41.39905026191772,25.957081625287632,69.90894865446977,0,0,0,0,0,0,0
0,22/03/22,01:59:41,32.99840846648267,53.6734818621565,40.83881097071237,25.12588040386918,42.01286621647276,21.900465172556945,41.40258785978483,25.93311922151561,70.24082733636065,0,0,0,0,0,0,0
0,22/03/22,01:59:51,32.99004512369901,53.67043010416211,40.8214647782722,25.05532375903867,42.10433106567449,21.903321618039705,41.37071529929132,25.891603105759803,70.00004363060253,0,0,0,0,0,0,0
0,22/03/22,02:00:01,32.99323878844016,53.67993633031465,40.848005307197894,25.049696317297,42.29259279564576,21.877296225863468,41.36042721274062,25.83999177455853,70.35435273375226,0,0,0,0,0,0,0
0,22/03/22,02:00:11,33.03234248950139,53.67429057802502,40.88061273101644,25.03523098440355,42.32043215277386,21.86963020978154,41.35596676325599,25.814686597268977,69.93952726957363,0,0,0,0,0,0,0
0,22/03/22,02:00:21,33.03012080968146,53.6660203138602,40.79024163187991,25.03106838649919,42.33140383311532,21.84430061842803,41.29707515818329,25.795680248479858,70.11530853005101,0,0,0,0,0,0,0
0,22/03/22,02:00:31,32.930935623105505,53.683491628378135,40.93463373033009,24.977174340318104,42.257131367750844,21.768104324823874,41.313806116211765,25.768238840594222,70.24741913362851,0,0,0,0,0,0,0
0,22/03/22,02:00:41,33.06329647083857,53.678059499148105,40.94640863337568,24.956495628148055,42.27307619291997,21.792774736450596,41.24900142484911,25.72060700181764,70.14140106090312,0,0,0,0,0,0,0
0,22/03/22,02:00:51,32.845550486180215,53.68559734139427,40.98621088184184,24.963026390256072,42.28500490456848,21.731763990626575,41.339372523985645,25.728065498355956,70.09086394851585,0,0,0,0,0,0,0
0,22/03/22,02:01:01,32.72788690494817,53.68088237529293,40.84229729904516,24.948097190147468,42.31530519934327,21.70781379388653,41.38997555434558,25.69746246918812,70.15147186228465,0,0,0,0,0,0,0
0,22/03/22,02:01:11,32.723005618036126,53.67267314628799,40.785148858138854,24.872328142662532,42.24535646470525,21.694166332135577,41.43346920928175,25.649171450684754,69.96680998604356,0,0,0,0,0,0,0
0,22/03/22,02:01:21,32.76267542020532,53.809330869277176,40.913083436076846,24.89896388643765,42.16905030781329,21.64880500130683,41.26750972673355,25.596583556925275,70.11301971155518,0,0,0,0,0,0,0
0,22/03/22,02:01:31,32.88266749278709,53.81718914611275,40.79208733511493,24.926075704459887,42.27876711122792,21.660743478580923,41.29304195481788,25.585231017186103,69.69782803641725,0,0,0,0,0,0,0
0,22/03/22,02:01:41,32.89060358945153,54.01863569132303,40.85745599135494,24.852821305562337,42.36440432336356,21.620716620726384,41.42988034188035,25.57923736448511,70.24925018842518,0,0,0,0,0,0,0
0,22/03/22,02:01:51,32.927058364573625,54.23437972273706,40.79087395613635,24.8848769715355,42.35474856106927,21.63673224668099,41.34255123511262,25.65173492740005,69.98557829770911,0,0,0,0,0,0,0
0,22/03/22,02:02:01,32.86208491099387,54.37820907701308,40.821652766564654,25.057313505251024,42.09281251030042,21.733021314920265,41.38895016365946,25.76714020771624,70.04810881901435,0,0,0,0,0,0,0
0,22/03/22,02:02:11,33.60428618814267,54.66595933830496,40.98091302996356,25.1808974969922,42.29413088167493,21.90984017311574,41.325256312206776,26.007337975939393,70.23789764868603,0,0,0,0,0,0,0
0,22/03/22,02:02:21,33.60883635931232,54.73932360049031,41.00822260190384,25.360218796743084,42.31263918355937,22.00058724883719,41.26773189471554,26.100904876047665,70.07639861562242,0,0,0,0,0,0,0
0,22/03/22,02:02:31,33.61210479212431,55.02185535561176,40.96872797064353,25.542115780241236,42.33856447807338,22.181471048681203,41.50743405744039,26.254664650837455,70.23505951375121,0,0,0,0,0,0,0
0,22/03/22,02:02:41,33.73452148643264,55.17209340167602,40.89320794661093,25.639125063367192,42.35951662775972,22.295753282055454,41.38435299541669,26.41019444526401,70.06706023615955,0,0,0,0,0,0,0
0,22/03/22,02:02:51,33.70694274943725,55.03897571796034,40.95775629030206,25.69351959785936,42.15888185017597,22.333717151505777,41.345371059499456,26.43348546227726,70.31214692068976,0,0,0,0,0,0,0
0,22/03/22,02:03:01,33.72789917158479,54.73853014341177,40.87090569918786,25.62544098052031,42.46224368466399,22.344740101381547,41.39424801553774,26.433802845108683,70.51594331955572,0,0,0,0,0,0,0
0,22/03/22,02:03:11,33.69608001685619,54.252018883944686,41.096679638426295,25.646913149768896,42.36452395227694,22.353895375364743,41.327341273268544,26.415785265909754,70.3538034173133,0,0,0,0,0,0,0
0,22/03/22,02:03:21,33.511595142578784,54.03482526748331,40.818798762488285,25.38693998974204,42.311562523338935,22.188722025675894,41.40862057498815,26.231886329167263,70.38236787214085,0,0,0,0,0,0,0
0,22/03/22,02:03:31,33.6288421588446,54.03270429567721,40.82380608700551,25.30992582499539,42.33688967328605,22.080482273130553,41.46347897669547,26.177003513395995,69.92817472983448,0,0,0,0,0,0,0
0,22/03/22,02:03:41,33.707081604425994,54.17873091570919,41.084956004914986,25.350050339105746,42.27936525579483,22.080836277057905,41.34878902845317,26.224623145140598,70.27241303160267,0,0,0,0,0,0,0
0,22/03/22,02:03:51,33.73312225539221,54.38951584038232,41.0181005321801,25.46842192819249,42.254841328551834,22.090894871407443,41.45864255062595,26.320497174292633,70.21967865345944,0,0,0,0,0,0,0
0,22/03/22,02:04:01,33.8447082605784,54.39598556733046,41.15772456393984,25.613465882150287,42.35338137348778,22.238636579432285,41.384985319673135,26.41711583239531,70.25611664391258,0,0,0,0,0,0,0
0,22/03/22,02:04:11,33.727589418148355,54.03813642490724,41.041616158581746,25.60870513967902,42.37288088636879,22.294007676482657,41.518627905763864,26.425050403180744,70.00782561348825,0,0,0,0,0,0,0
0,22/03/22,02:04:21,33.77543030234756,53.68323222894861,41.106831006218854,25.44193266880111,42.378024929644155,22.22505015284122,41.56150632628837,26.310768169806487,70.10880828552294,0,0,0,0,0,0,0
0,22/03/22,02:04:31,33.82863312534291,53.41017618239977,40.99405512059063,25.30290678160827,42.47864993564187,22.114405614996294,41.33880855910829,26.209108007497072,70.17985321163255,0,0,0,0,0,0,0
0,22/03/22,02:04:41,33.75765686378818,53.1307572204326,40.95305658299067,25.317213423086017,42.296198752891925,22.089356785378268,41.39988766431139,26.099781829105723,70.18104339725036,0,0,0,0,0,0,0
0,22/03/22,02:04:51,33.7906616264976,52.90910803729939,40.87562249634401,25.06934963878093,42.363823268641426,21.887013023317635,41.45927487488238,25.91325838048806,70.11128020949842,0,0,0,0,0,0,0
0,22/03/22,02:05:01,33.74996643364229,52.924031133892,40.88773919628497,24.972401390814863,42.46851565769407,21.791847002020297,41.446081514721,25.818849195173332,66.7668586234366,0,0,0,0,0,0,0
0,22/03/22,02:05:11,33.74036407711291,52.70474706320446,40.953518008799435,25.10533596905088,42.4568432937171,21.786268388406537,41.233620564557356,25.843653884151806,70.32496430426622,0,0,0,0,0,0,0
0,22/03/22,02:05:21,33.711717224819495,52.642857411078054,40.95192865323595,25.082826202084195,42.32636232890857,21.77789436446991,41.32687984745978,25.759791574465723,70.14332366843959,0,0,0,0,0,0,0
0,22/03/22,02:05:31,33.71195221018507,52.62346348902364,40.85374749504014,24.83851466408459,42.50618167556415,21.677882151477466,41.29042720856829,25.680384831451462,70.27342011174083,0,0,0,0,0,0,0
0,22/03/22,02:05:41,33.76778259681359,52.84271704213125,40.8051097968286,24.853138688393752,42.38108401185774,21.648402169251572,41.43822018612744,25.7125137396165,66.4988837539484,0,0,0,0,0,0,0
0,22/03/22,02:05:51,33.78657074490611,52.914753789589035,41.03508783788013,24.989161645720102,42.45928714151901,21.688392406010177,41.32470943717418,25.763356027803187,70.2573983822702,0,0,0,0,0,0,0
0,22/03/22,02:06:01,33.80339356085024,52.85777746783361,40.911835877408734,25.1106094068652,42.2720849819234,21.800806963491855,41.371467252461144,25.872865311674197,70.08628631152426,0,0,0,0,0,0,0
0,22/03/22,02:06:11,33.80376740120455,52.9165695855957,41.02415033722819,25.036170925865825,42.48753665492157,21.748975905714982,41.44146725663347,25.87492830007841,70.14222503556162,0,0,0,0,0,0,0
0,22/03/22,02:06:21,33.748033144952835,53.130345233103355,41.03513910741444,25.10031887890809,42.40369387648664,21.71140266128794,41.41918209905518,25.870130936511217,70.37476899473478,0,0,0,0,0,0,0
0,22/03/22,02:06:31,33.77901916974897,53.403050327482845,40.97928949471053,25.098951691326597,42.434951202568485,21.74749885484569,41.32821285535172,25.86081697111231,70.19999481439557,0,0,0,0,0,0,0
0,22/03/22,02:06:41,33.74623871125213,53.70709697646481,41.00463373450242,25.100477570323797,42.35156984994231,21.735084303324477,41.26598873054914,25.893849199643682,70.13810516226914,0,0,0,0,0,0,0
0,22/03/22,02:06:51,33.8048248353496,53.69699565750335,41.009384711348105,25.10743557855103,42.41246096685296,21.755824050654414,41.38927487071007,25.947071859066,70.46320894141247,0,0,0,0,0,0,0
0,22/03/22,02:07:01,33.66528625281371,53.40199747097477,41.11125727601393,25.21295316296537,42.49097171372006,21.87220589352881,41.3513354153237,26.002381920956484,70.30088593369041,0,0,0,0,0,0,0
0,22/03/22,02:07:11,33.770976261554736,53.1945084449356,40.94319574255917,25.065528837771943,42.3233545162293,21.771192703914206,41.333596156453865,25.888880937628798,70.28239228024435,0,0,0,0,0,0,0
0,22/03/22,02:07:21,33.777534489484694,53.20427407051766,40.9527147860953,24.911610371566436,42.37426516379506,21.671949533936356,41.45308835107615,25.781715403897486,70.10496307045001,0,0,0,0,0,0,0
0,22/03/22,02:07:31,33.75875702254516,52.93620764828965,40.91304925638731,25.018971217809394,42.33263430193867,21.748927077587073,41.432802705335774,25.817323316176132,70.18223358286816,0,0,0,0,0,0,0
0,22/03/22,02:07:41,33.73173370550475,52.83820044029953,40.98460443643357,25.108009309053976,42.256481953649626,21.749220046354534,41.47918454403785,25.813502515167148,70.38456513789681,0,0,0,0,0,0,0
0,22/03/22,02:07:51,33.74668731967731,52.917057866874806,40.9699926191564,24.85493312209446,42.34688723247571,21.612977362452586,41.47930417295123,25.734156807312775,70.28431488778082,0,0,0,0,0,0,0
0,22/03/22,02:08:01,33.7442413356448,53.05698097091801,40.99132074542766,24.985145532199475,42.32222658647457,21.65709357601962,41.327375452958066,25.743360909423885,70.139295347887,0,0,0,0,0,0,0
0,22/03/22,02:08:11,33.74246826425006,52.844654908457684,40.92485833912244,24.977821313012917,42.43604495263368,21.693665843824498,41.28495845824233,25.75235749199137,69.95802092301969,0,0,0,0,0,0,0
0,22/03/22,02:08:21,33.73319702346307,52.65218053175095,40.961840763201764,24.87320704896492,42.335642114617954,21.61479621021725,41.41672116140849,25.604164123783356,70.02815032173098,0,0,0,0,0,0,0
0,22/03/22,02:08:31,33.85040131511696,52.63005528629155,41.02820063043836,24.67274316982884,42.25349123081513,21.47324346740505,41.46392331265946,25.446876516752038,70.37577607487295,0,0,0,0,0,0,0
0,22/03/22,02:08:41,33.737020876230055,52.63490758150264,40.90306878704243,24.600086915498192,42.41415286148505,21.42274297611374,41.4315380568229,25.4471694855195,70.05470061628225,0,0,0,0,0,0,0
0,22/03/22,02:08:51,33.51519469113318,52.629490711062594,40.94745111390657,24.794789075540848,42.35485110013789,21.426722468538433,41.4695116918988,25.508534235270876,66.49522164435513,0,0,0,0,0,0,0
0,22/03/22,02:09:01,33.66838378717802,52.71936498399763,40.955602969861204,24.738954111275323,42.41211916995759,21.427930964704213,41.34249996557831,25.53525542826983,69.91242765858335,0,0,0,0,0,0,0
0,22/03/22,02:09:11,33.57848052254203,52.63446507659345,40.923884217970624,24.791358899555142,42.244023456813295,21.4409070396964,41.33622799254823,25.472962944088156,69.91993498324956,0,0,0,0,0,0,0
0,22/03/22,02:09:21,33.60362395665788,52.568989608823635,40.88686761420176,24.724659676829557,42.38834719588442,21.374769340441784,41.355454067912945,25.412916553790367,70.05232024504663,0,0,0,0,0,0,0
0,22/03/22,02:09:31,33.59515380234443,52.63275609211659,40.86389886283273,24.56801904249305,42.29151613542534,21.360426077868112,41.34036373498223,25.31419828618755,70.2641732850178,0,0,0,0,0,0,0
0,22/03/22,02:09:41,33.61872710697216,52.85388647639074,40.98433099891727,24.56202538979205,42.421552764269876,21.32396367335103,41.379191862296565,25.361695847612374,70.0385873340718,0,0,0,0,0,0,0
0,22/03/22,02:09:51,33.622540278586165,53.13968361256622,40.77521965832828,24.771742199167146,42.29242189719808,21.3880017631055,41.45368649564304,25.467152396866823,66.74754099533205,0,0,0,0,0,0,0
0,22/03/22,02:10:01,33.623405451977575,53.12221229804829,41.03245600178576,24.88853908112878,42.144697279018004,21.56651739874586,41.27747310623366,25.568959043559968,70.42567231808137,0,0,0,0,0,0,0
0,22/03/22,02:10:11,33.72788849043181,53.06084144478093,40.916245057359035,24.949098166769634,42.43255862430087,21.62215705049974,41.37616695977252,25.69052887502485,69.96845793536052,0,0,0,0,0,0,0
0,22/03/22,02:10:21,32.96664271751897,53.042271497385,40.987936956163466,24.810646010079743,42.232282733457254,21.577711247069313,41.42629147447893,25.55820464838771,70.09415984714983,0,0,0,0,0,0,0
0,22/03/22,02:10:31,32.961910966748654,53.12572181974184,40.92808831978371,24.80937647875407,42.3181762932644,21.579847477665393,41.37859371772967,25.592152404317403,70.05351043066443,0,0,0,0,0,0,0
0,22/03/22,02:10:41,32.97547603103376,53.516743571564184,41.03883051388445,24.87913966650603,42.334514184863224,21.69222541405114,41.28610347784182,25.76635895766967,70.02696013611316,0,0,0,0,0,0,0
0,22/03/22,02:10:51,33.02951198396158,53.8287095325416,40.98140863546185,25.071473662345028,42.34886965446887,21.809950030443073,41.184179643641684,25.825746168240677,70.15339446982112,0,0,0,0,0,0,0
0,22/03/22,02:11:01,33.04488216310037,53.90102093821889,41.047409615958315,25.113673371891583,42.32925051267448,21.91832406034017,41.37254391268158,25.98759920523162,69.74461148647134,0,0,0,0,0,0,0
0,22/03/22,02:11:11,33.165248076036455,53.900257998720285,41.09768793926763,25.197889685505015,42.307563499663075,21.95818001974702,41.41631100513405,26.05720370156787,70.13673187117169,0,0,0,0,0,0,0
0,22/03/22,02:11:21,33.865782175408725,53.54497233301237,41.01215326620061,25.216371131919097,42.35661135414905,21.95070931617673,41.330007289052446,26.049183681558592,70.36112763649982,0,0,0,0,0,0,0
0,22/03/22,02:11:31,33.86581421886767,53.21031655134658,40.99600336289427,25.019215358448943,42.35710695964734,21.895557945701952,41.21564204786074,25.891664140919694,69.99812102306608,0,0,0,0,0,0,0
0,22/03/22,02:11:41,33.83786164151797,53.19952858683637,41.02666254440919,24.809046888890677,42.26776125119693,21.7306043225887,41.29181148599454,25.661354068598396,70.06568694506208,0,0,0,0,0,0,0
0,22/03/22,02:11:51,33.86470337895771,53.199620139576204,41.08362299702304,24.732960458574325,42.40526614220536,21.5883435719218,41.41159420797791,25.672938541945133,70.2411019945801,0,0,0,0,0,0,0
0,22/03/22,02:12:01,33.895166027257794,53.40730752988503,41.05583490942925,24.893666034559374,42.409094267433545,21.69561896894091,41.390830046584014,25.795582592224036,66.32777168320247,0,0,0,0,0,0,0
0,22/03/22,02:12:11,33.896223461402855,53.14366615674891,40.90407708788378,25.085621612407067,42.26354005953908,21.731043775739895,41.46870846919467,25.89997712969644,70.0972726403041,0,0,0,0,0,0,0
0,22/03/22,02:12:21,33.87251130178638,52.85104834145595,40.91892816298771,25.019166530321037,42.29293459254113,21.74041877629869,41.3602734041377,25.823036207141648,70.15348602256093,0,0,0,0,0,0,0
0,22/03/22,02:12:31,33.86166993151128,52.71083532040329,41.05458735076114,24.84746241852417,42.265129415102564,21.611366034231548,41.31061031524004,25.70954743084594,70.4369333050807,0,0,0,0,0,0,0
0,22/03/22,02:12:41,33.74847107222503,52.86441504147142,40.961379337393,24.799208021116737,42.36695071023408,21.574879215650512,41.352976040421495,25.699073797409167,70.4481027393402,0,0,0,0,0,0,0
0,22/03/22,02:12:51,33.801684576373376,53.0616654194394,40.987372991286094,24.917860371938964,42.33955568906997,21.638380195997968,41.391291472392766,25.78454743531629,70.1871774308191,0,0,0,0,0,0,0
0,22/03/22,02:13:01,33.822459418920246,53.20888222508922,41.037224068476206,25.01070705716056,42.41871585003827,21.665687326531845,41.406621063150226,25.884718339724444,70.14185882460228,0,0,0,0,0,0,0
0,22/03/22,02:13:11,33.788183599006146,53.54057780150043,41.120366163275605,25.03081203882766,42.415690947514236,21.749476394026065,41.32047115567154,25.89055330100973,70.05753875121702,0,0,0,0,0,0,0
0,22/03/22,02:13:21,34.00953981337188,53.54735270424799,41.04441889312379,25.16318509359271,42.42850833109071,21.837403645360688,41.337236293389566,26.007948327538273,66.60233834995857,0,0,0,0,0,0,0
0,22/03/22,02:13:31,33.97729341252406,53.13428200091612,40.95767084107821,25.362477097658942,42.356115748650765,21.913770837412525,41.46604245341078,26.094545012387332,70.33064057413581,0,0,0,0,0,0,0
0,22/03/22,02:13:41,34.002297991651176,52.731831415404756,40.99557611677504,25.115589875912065,42.39760989174901,21.852491536884994,41.45954831239868,25.89848787179517,70.28669525901644,0,0,0,0,0,0,0
0,22/03/22,02:13:51,33.9786392377996,52.9201096248692,40.95809808719744,24.848500016242266,42.46388430976178,21.671021799506057,41.48458493498474,25.712525946648473,70.1207101417011,0,0,0,0,0,0,0
0,22/03/22,02:14:01,33.733634950735265,52.92088782315777,41.00817133236953,24.822743178769542,42.37823000778138,21.569386051260594,41.27280757861183,25.68593903100127,69.96204924357227,0,0,0,0,0,0,0
0,22/03/22,02:14:11,33.87007599890684,52.70865331343729,40.926105897790535,24.95708156568298,42.39395266496852,21.653931954737423,41.422377900026916,25.707643133857438,70.24238373293777,0,0,0,0,0,0,0
0,22/03/22,02:14:21,33.06130977638422,52.551991316794826,40.980143986948974,24.83746485933452,42.37009524167152,21.607142401167298,41.40000729322476,25.609901428812826,69.64582608019266,0,0,0,0,0,0,0
0,22/03/22,02:14:31,33.665371702037554,52.56303868073455,40.96139642723777,24.699391120635937,42.49527835460175,21.45221075130765,41.48297848957648,25.46385649823287,70.26435639049745,0,0,0,0,0,0,0
0,22/03/22,02:14:41,33.91627198554706,52.42226108445292,40.82792473959475,24.58774560616884,42.33189943861362,21.395948540922912,41.52681394140802,25.345387252890305,70.32981659947731,0,0,0,0,0,0,0
0,22/03/22,02:14:51,33.28609464085666,52.5472610919035,41.011572211478494,24.515003902614353,42.469250521019134,21.30589726602419,41.53043698849898,25.274952678379574,70.25886322610751,0,0,0,0,0,0,0
0,22/03/22,02:15:01,33.374502544075405,52.62529454382029,40.84246819749286,24.442542960795343,42.28765383050761,21.24450810220886,41.47354489526421,25.242054727199957,70.26490570693646,0,0,0,0,0,0,0
0,22/03/22,02:15:11,33.451962265489236,52.6301926154013,40.98115228779031,24.631349124392816,42.42712405366444,21.37768682108443,41.405185516189675,25.327906783098385,70.49287202911802,0,0,0,0,0,0,0
0,22/03/22,02:15:21,33.453179916929,52.93553626153088,40.97262445525077,24.669337407907094,42.26916261846796,21.41977666734318,41.354838833501276,25.407508838624288,70.28916718299192,0,0,0,0,0,0,0
0,22/03/22,02:15:31,33.38922117288238,53.04835975458382,40.91210931492503,24.7242568447743,42.2952929911192,21.41956914779956,41.458745089694574,25.425965870974416,70.31132294603125,0,0,0,0,0,0,0
0,22/03/22,02:15:41,33.296049475434394,52.839634766556905,40.97071039263669,24.845899918431037,42.300625022687015,21.513429016675296,41.38059322956761,25.54874419860507,65.94645452180232,0,0,0,0,0,0,0
0,22/03/22,02:15:51,33.4956268188731,52.696202140820155,40.953928165073876,24.818641616025065,42.488408237004776,21.53421759213314,41.4060912779624,25.484217827571502,70.25153900692099,0,0,0,0,0,0,0
0,22/03/22,02:16:01,32.61454919067319,52.69022069515112,40.96607904470437,24.696839850952617,42.377272976474345,21.424256648078956,41.45002926886255,25.424952687320275,70.22022796989843,0,0,0,0,0,0,0
0,22/03/22,02:16:11,33.52079161529491,52.91130530305536,40.951689395409204,24.665809575665566,42.544531287224956,21.400111138827274,41.38337887426489,25.39729155285904,70.20567108426516,0,0,0,0,0,0,0
0,22/03/22,02:16:21,33.603901666635366,53.05270850972584,41.00988031684639,24.740174814473082,42.42558596763527,21.442945614036656,41.418652313867355,25.449024954380096,70.139295347887,0,0,0,0,0,0,0
0,22/03/22,02:16:31,33.59585875844113,53.13557899806375,40.99504633158722,24.8225478662579,42.488664584676286,21.50681280534344,41.35396725141807,25.587330626686256,66.29362251124515,0,0,0,0,0,0,0
0,22/03/22,02:16:41,33.641712948185976,53.11880958788453,40.990295354741534,24.953614768601344,42.4441968085883,21.643470528332625,41.39905026191772,25.6140029915573,70.26096893912367,0,0,0,0,0,0,0
0,22/03/22,02:16:51,33.77171326111038,52.791508542985234,40.922414491320524,25.083387725555166,42.41601565456483,21.75122199959886,41.34709713382108,25.74566803846765,70.01469206897566,0,0,0,0,0,0,0
0,22/03/22,02:17:01,33.85908509249002,52.44698032420756,40.95743158325145,24.940992697536508,42.30679445664849,21.731275709347468,41.41937008734763,25.67975006578863,70.19633270480229,0,0,0,0,0,0,0
0,22/03/22,02:17:11,33.84517823130954,52.35005649030545,40.88835443069662,24.79445948567745,42.38000735163733,21.59124884553247,41.35477047412219,25.559303281265695,70.45130708523432,0,0,0,0,0,0,0
0,22/03/22,02:17:21,33.881686412196544,52.36838229706182,40.89536126705177,24.745692392926955,42.443256867126024,21.494459288982114,41.26858638695397,25.479640190579904,69.93311857778538,0,0,0,0,0,0,0
0,22/03/22,02:17:31,33.715786744105024,52.14099580889914,40.93945306655485,24.784083508496494,42.409333525260294,21.519080872480924,41.32248775735424,25.47859038582983,70.33741547688336,0,0,0,0,0,0,0
0,22/03/22,02:17:41,33.708534241231334,52.139393635952096,40.99564447615411,24.682582037602785,42.50274661676565,21.45318731386586,41.36456295517462,25.389137255498007,70.22132660277644,0,0,0,0,0,0,0
0,22/03/22,02:17:51,33.24806973624644,52.34405978584645,40.85190179180515,24.696351569673514,42.292233908905615,21.425843562236047,41.35261715368135,25.446681204240395,70.12675262253,0,0,0,0,0,0,0
0,22/03/22,02:18:01,33.7961624202825,52.84264074818138,40.96228509916574,24.757545420977202,42.33241213395668,21.529383607470013,41.27239742233738,25.55083160107324,70.19697357398114,0,0,0,0,0,0,0
0,22/03/22,02:18:11,33.78669891874188,52.92303931254382,40.836350033065685,24.96667629281737,42.35153567025279,21.60026984216391,41.37562008473992,25.665553287598687,66.46986153542171,0,0,0,0,0,0,0
0,22/03/22,02:18:21,33.85875397674763,52.916554326805716,40.967702579957404,24.899330097396977,42.39431155170867,21.606995916783568,41.33436519946845,25.617420960511026,70.41349580368372,0,0,0,0,0,0,0
0,22/03/22,02:18:31,33.692587279831606,52.58639988818168,40.85615716315252,24.861524919362363,42.423979522227015,21.57911505574674,41.34625973142741,25.63047027769508,70.10661101976697,0,0,0,0,0,0,0
0,22/03/22,02:18:41,33.76857300213414,52.35519870252601,40.89440423574473,24.726197762858735,42.372094753509444,21.528492494135648,41.384797331380696,25.524916072184805,70.43565156672304,0,0,0,0,0,0,0
0,22/03/22,02:18:51,33.605023187698315,52.358219942940465,40.90530755670713,24.536048825743727,42.37836672653954,21.39647344329795,41.34880611829793,25.413343799909583,70.00718474430944,0,0,0,0,0,0,0
0,22/03/22,02:19:01,33.33223722173197,52.3524216027511,40.80743401571715,24.58070214871777,42.35994387387893,21.37520879359298,41.35352291545409,25.425135792799942,70.26701141995258,0,0,0,0,0,0,0
0,22/03/22,02:19:11,33.34063260797456,52.344349702855915,40.862514585406444,24.687489264457778,42.41063235346272,21.42901739055022,41.34877193860841,25.38132475503235,69.99693083744826,0,0,0,0,0,0,0
0,22/03/22,02:19:21,33.381701641184186,52.417500341981665,40.860053647759784,24.59127343841037,42.40336916943605,21.406861627510885,41.27866939536747,25.332960494337115,70.15669036845505,0,0,0,0,0,0,0
0,22/03/22,02:19:31,33.44946287569182,52.63489232271267,41.01135004349649,24.593104493207008,42.322807641196704,21.4273938552972,41.31705318671783,25.416822804023198,70.0430734183236,0,0,0,0,0,0,0
0,22/03/22,02:19:41,33.51989439844455,52.836506714612646,40.960439395930734,24.85576320026894,42.308230003609054,21.54212774885462,41.18098384266996,25.560194394600057,70.12885833554613,0,0,0,0,0,0,0
0,22/03/22,02:19:51,33.5798583912765,52.70177159915993,41.02761957571623,24.96435695674163,42.31320314843673,21.652088692908805,41.26041744115457,25.72724762721346,69.97120451755549,0,0,0,0,0,0,0
0,22/03/22,02:20:01,33.59608306265372,52.70119176514099,40.97252191618216,24.87433009590686,42.24084474568633,21.66156134972342,41.33600582456624,25.6571548495981,70.16868377737305,0,0,0,0,0,0,0
0,22/03/22,02:20:11,32.528320242662446,52.53911289805847,41.01387934052225,24.696290534513626,42.29828371395372,21.586195134293742,41.34625973142741,25.574208067310337,70.07328582246815,0,0,0,0,0,0,0
0,22/03/22,02:20:21,32.51957237837151,52.344761690185166,41.02514154822477,24.63728174193393,42.368437526728954,21.491444152083645,41.38301998752475,25.42475737480863,70.13041473212328,0,0,0,0,0,0,0
0,22/03/22,02:20:31,32.51440270032899,52.13045198502851,40.752814871836605,24.50196679246228,42.41220461918142,21.380103813415992,41.35205318880398,25.302137738593682,70.1209847999206,0,0,0,0,0,0,0
0,22/03/22,02:20:41,32.710893190556355,52.333821137775246,40.74833733250722,24.405519032807295,42.2742041226747,21.294447070029204,41.37252682283682,25.22249906197185,69.77885221116853,0,0,0,0,0,0,0
0,22/03/22,02:20:51,32.77460626808442,52.561161849568,41.03006342351814,24.40654442349341,42.2987280499177,21.26106083757048,41.26429683591705,25.190919470245802,69.94483732848387,0,0,0,0,0,0,0
0,22/03/22,02:21:01,32.79062799755501,52.909474248258725,40.85743890151018,24.576673828165166,42.39055178585957,21.284547167095376,41.36184566985642,25.336122115619307,70.13178802322075,0,0,0,0,0,0,0
0,22/03/22,02:21:11,33.275947545525284,52.8326614995397,40.78866936616119,24.781507824749223,42.34093996649622,21.465968076346403,41.40070797686029,25.537306209642065,69.9051034393968,0,0,0,0,0,0,0
0,22/03/22,02:21:21,33.542955007729226,52.84721838517299,40.88473138360568,24.858351091048185,42.32325197716068,21.575013493002267,41.28547115358538,25.56161041030946,70.00178313265936,0,0,0,0,0,0,0
0,22/03/22,02:21:31,33.37173612545348,52.83862768641875,40.95404779398727,24.72480616121329,42.3608325458069,21.505201477122394,41.33658687928836,25.466932670291225,70.24357391855558,0,0,0,0,0,0,0
0,22/03/22,02:21:41,33.512652576723845,53.10989845454089,40.98364740512653,24.791139172979545,42.39882327072759,21.513429016675296,41.30471431879485,25.526173396478498,70.12089324718075,0,0,0,0,0,0,0
0,22/03/22,02:21:51,33.768070987944064,53.12762916848834,40.991423284496264,24.956056174996863,42.43218264771596,21.68947883185618,41.35757320866426,25.715882880442315,70.06065154437134,0,0,0,0,0,0,0
0,22/03/22,02:22:01,33.98852998545944,53.148045429470876,40.85499505370825,25.017799342739544,42.34288820879985,21.749244460418492,41.361008267462736,25.725929267759877,70.0016000271797,0,0,0,0,0,0,0
0,22/03/22,02:22:11,34.07096712416214,53.13138283082145,40.901735779150485,24.817921401138392,42.28156984576998,21.670130686171692,41.48407223964168,25.606495666891078,70.28852631381311,0,0,0,0,0,0,0
0,22/03/22,02:22:21,34.08397676849227,53.211048973265235,40.79921380038344,24.875025896729582,42.31735598071552,21.615138007112623,41.3762865886859,25.648377993606207,69.91435026611983,0,0,0,0,0,0,0
0,22/03/22,02:22:31,34.02761232421471,53.14178932558235,40.97400873267702,24.99674221257819,42.33095949715134,21.747132643886367,41.23078365032576,25.74592438613918,70.15028167666681,0,0,0,0,0,0,0
0,22/03/22,02:22:41,33.21694485646157,52.832096924310726,40.96105463034239,25.080079619889233,42.20681886475198,21.791163408229554,41.330229457034434,25.826063551072092,69.72392056726932,0,0,0,0,0,0,0
0,22/03/22,02:22:51,33.588243096366114,52.63406834805418,40.89953118917532,24.909754902705842,42.22291749852404,21.678590159332163,41.426940888580134,25.641688540082484,70.32496430426622,0,0,0,0,0,0,0
0,22/03/22,02:23:01,33.780258183494695,52.71577916835422,40.98807367492162,24.743067881051772,42.38222903145724,21.57306036788585,41.45677975754617,25.496595757996783,70.2562081966524,0,0,0,0,0,0,0
0,22/03/22,02:23:11,33.92808534074338,52.7180222104801,40.85325188954185,24.676258795038393,42.37527346463641,21.49879278533416,41.41053463760224,25.45005034506621,69.87452482429293,0,0,0,0,0,0,0
0,22/03/22,02:23:21,33.866497812658416,52.842289796012025,41.001335394462075,24.720667977372884,42.14485108762091,21.526844544818672,41.36220455659655,25.498683160464953,70.02604460871486,0,0,0,0,0,0,0
0,22/03/22,02:23:31,33.60272673980753,52.91280066447262,40.96662591973697,24.716993660747626,42.38462160972486,21.541920229311003,41.297058068338515,25.503297418552485,70.33347870907059,0,0,0,0,0,0,0
0,22/03/22,02:23:41,33.644468685654914,53.05383766018377,40.9595849036923,24.85695948940274,42.443342316349884,21.54701056164566,41.35521481008617,25.654591372882805,70.19047332945304,0,0,0,0,0,0,0
0,22/03/22,02:23:51,33.72673492590992,53.064625624693974,40.83923821683159,24.969508324236173,42.37458987084567,21.65658088067656,41.39378658972899,25.699952703711553,70.0788705395979,0,0,0,0,0,0,0
0,22/03/22,02:24:01,33.62964324531812,53.061131361790395,40.914023377539124,24.957301292258578,42.24151124963231,21.69217658592323,41.41024411024118,25.756568918023643,69.7685067515675,0,0,0,0,0,0,0
0,22/03/22,02:24:11,33.74770202921045,53.12573707853182,40.949860782018945,25.140455600050426,42.244074726347606,21.778700028580428,41.38881344490132,25.82247468367068,70.15467620817874,0,0,0,0,0,0,0
0,22/03/22,02:24:21,32.779882757656736,52.82509313971359,40.989611760950794,25.169911168212362,42.321184105943686,21.858241048946443,41.29251216963006,25.87888337843915,70.24833466102687,0,0,0,0,0,0,0
0,22/03/22,02:24:31,32.79516748757169,52.54131016381444,40.90291497843951,24.940760763928935,42.1555322406013,21.72579475198953,41.4883105211443,25.789637767650948,69.80164884338667,0,0,0,0,0,0,0
0,22/03/22,02:24:41,33.80511322648008,52.35507663220624,40.87152093359953,24.70550684365671,42.40384768508957,21.56839728167041,41.374509244829966,25.56358794948983,70.18955780205472,0,0,0,0,0,0,0
0,22/03/22,02:24:51,32.89991755485043,52.19258577779446,40.99055170241307,24.55308984238445,42.35360354146977,21.448939266737657,41.33311764080034,25.400416553045307,70.2693917911882,0,0,0,0,0,0,0
0,22/03/22,02:25:01,33.315788246142155,51.990696727675,40.94131585963463,24.454188469301968,42.367189968060856,21.375062309209248,41.35060055199864,25.30068510178835,69.74982999264179,0,0,0,0,0,0,0
0,22/03/22,02:25:11,32.11782217131985,51.97971039889516,40.96476312665719,24.34947654899815,42.46812259126439,21.282911424810376,41.529121070451794,25.169410679901283,69.77097867554296,0,0,0,0,0,0,0
0,22/03/22,02:25:21,32.37765189872098,51.97850495448738,40.922123963959464,24.318775863574498,42.22944581922566,21.199390912019663,41.55726804478573,25.10553128156252,66.38334419628049,0,0,0,0,0,0,0
0,22/03/22,02:25:31,31.952392473959474,51.90518646867195,40.910485779672015,24.311268538908273,42.40200198185455,21.138404580259596,41.44577389751518,25.05706936461147,69.85127042837559,0,0,0,0,0,0,0
0,22/03/22,02:25:41,32.283497535198784,51.84212188971769,40.87869866840235,24.252052226784958,42.44455569532845,21.08776981161653,41.385703093153424,25.00116115815408,69.94428801204488,0,0,0,0,0,0,0
0,22/03/22,02:25:51,32.19307089406675,51.902394110107075,40.8595580422615,24.232215799821365,42.36148195990812,21.023206819487026,41.4860717514796,24.962086448793798,69.91810392845295,0,0,0,0,0,0,0
0,22/03/22,02:26:01,32.19945822354902,51.99075776283488,40.86885491781561,24.316859359554012,42.218525408418486,21.051856723538442,41.38517330796559,25.026637233891325,69.89915251130773,0,0,0,0,0,0,0
0,22/03/22,02:26:11,33.7454376247786,51.99405366146885,40.82276360647462,24.493385248982026,42.242263202802135,21.221815229762512,41.52507077724162,25.159413120711633,69.94108366615079,0,0,0,0,0,0,0
0,22/03/22,02:26:21,33.800552374157455,52.13615877247802,40.91732171757947,24.44397118353672,42.29977053044858,21.208338666459245,41.29015377105199,25.072157256135775,70.31370331726687,0,0,0,0,0,0,0
0,22/03/22,02:26:31,33.89813538778635,52.35493930309649,40.898351989886294,24.47641747453317,42.384160183916094,21.196998333752052,41.483542454453854,25.19439847435942,70.19129730411154,0,0,0,0,0,0,0
0,22/03/22,02:26:41,34.0451080527966,52.652882436089655,40.82259270802693,24.65763086424058,42.433823272813754,21.379493461817116,41.319719202501716,25.39776762710617,69.93549894902104,0,0,0,0,0,0,0
0,22/03/22,02:26:51,33.811820990551766,52.934452887442866,40.97077875201576,24.89560695264381,42.40294192331682,21.51106085247164,41.37459469405381,25.50289458649722,70.28687836449609,0,0,0,0,0,0,0
0,22/03/22,02:27:01,33.75021210016084,52.708515984327555,40.86605218327357,25.006385767840488,42.29867678038339,21.630152656445066,41.425436982240484,25.65273590402221,68.98591393148384,0,0,0,0,0,0,0
0,22/03/22,02:27:11,33.86942444857504,52.42464145568856,40.859831479777796,25.053382840954235,42.20934816177774,21.648878243498697,41.383259245351496,25.680250554099715,70.15028167666681,0,0,0,0,0,0,0
0,22/03/22,02:27:21,33.814234931125334,52.2048843625119,40.81767083273357,24.788441418912495,42.32740480943946,21.56635870733015,41.410602996981325,25.51900786870765,70.19038177671324,0,0,0,0,0,0,0
0,22/03/22,02:27:31,33.98200380098842,52.221714807851,40.8863549188587,24.605580079888114,42.131589368080455,21.431702937585293,41.343098110145206,25.368959031639044,69.97047209563684,0,0,0,0,0,0,0
0,22/03/22,02:27:41,33.62468719033523,52.368550143751506,40.96442132976182,24.619227541639063,42.32330324669499,21.336646779575755,41.31944576498542,25.387245165541483,69.85072111193664,0,0,0,0,0,0,0
0,22/03/22,02:27:51,34.008386248849995,52.58804783749864,40.81310784418034,24.70865625790693,42.34948488888054,21.407679498653383,41.32000972986279,25.47838286628621,66.37775947915074,0,0,0,0,0,0,0
0,22/03/22,02:28:01,34.245625337697575,52.46205600869989,40.763273856835,24.732740731998724,42.247783222662406,21.417066706244153,41.41907955998656,25.442555227431967,70.15879608147117,0,0,0,0,0,0,0
0,22/03/22,02:28:11,34.32589420234527,52.1736038430693,40.8463646821001,24.70283350365362,42.47494143932708,21.3334607442296,41.26318599600708,25.409852588763986,70.35947968718285,0,0,0,0,0,0,0
0,22/03/22,02:28:21,34.378498880773726,52.02972871242336,40.925080507104425,24.55185693215471,42.44534182818781,21.281715135676574,41.391616179443375,25.301014691651748,70.08738494440227,0,0,0,0,0,0,0
0,22/03/22,02:28:31,34.47760929927882,52.17532808633613,40.86682122628815,24.454872063092715,42.42862796000408,21.20379765056358,41.33098141020426,25.22452542928013,70.38319184679935,0,0,0,0,0,0,0
0,22/03/22,02:28:41,34.516937304552634,52.38896640473404,40.949501895278814,24.55105126804419,42.302436546232485,21.256983688889964,41.301552697512676,25.365821824420802,70.36314179677613,0,0,0,0,0,0,0
0,22/03/22,02:28:51,34.38841099073953,52.683491568773476,40.93830804695534,24.705250495985183,42.331984887837464,21.358265433208075,41.41210690332096,25.49995269179062,69.73179410289488,0,0,0,0,0,0,0
0,22/03/22,02:29:01,33.27937619563199,53.054066542033354,40.87042718353433,24.835890152209412,42.286320822615664,21.469410459364084,41.38013180375884,25.609571838949435,70.22984100758082,0,0,0,0,0,0,0
0,22/03/22,02:29:11,33.25393368923269,52.696705680889224,40.81126214094533,24.96008449554947,42.295908225530866,21.580311344880542,41.35424068893437,25.69162750790283,70.26646210351358,0,0,0,0,0,0,0
0,22/03/22,02:29:21,33.41356352052471,52.140522786410024,41.005043890776875,24.9289565640066,42.30344484707385,21.583009098947592,41.28837642719604,25.683985905884853,69.87360929689463,0,0,0,0,0,0,0
0,22/03/22,02:29:31,33.46740721269889,51.931126411624334,40.80693841021886,24.65006250441447,42.30992189824116,21.41334356149099,41.43888669007342,25.48363189003658,70.25098969048199,0,0,0,0,0,0,0
0,22/03/22,02:29:41,34.448652693548965,51.6987655579308,40.8750243517771,24.39349510630936,42.39342287978069,21.253687790256013,41.34029537560316,25.2852920344646,70.1683175664137,0,0,0,0,0,0,0
0,22/03/22,02:29:51,34.478816269565606,51.890644841828625,40.985322209913875,24.268653790274488,42.23163331935605,21.148011514425963,41.313737756832694,25.15236966326056,70.31992890357547,0,0,0,0,0,0,0
0,22/03/22,02:30:01,34.445523115725706,51.976261912361494,40.926259706393466,24.205396950566588,42.168520522625485,21.03545047256055,41.438698701780964,25.052821317483264,69.95527434082472,0,0,0,0,0,0,0
0,22/03/22,02:30:11,34.338839759757505,52.03484040706399,41.019570258830214,24.279591290926415,42.19526612968839,21.066273228303984,41.43478512732894,25.039833035459104,70.238996281564,0,0,0,0,0,0,0
0,22/03/22,02:30:21,33.24315640587547,51.99518281192677,40.9887914484019,24.39388573133264,42.279519064397746,21.14991581141447,41.368698697608636,25.124513216287685,70.0723702950698,0,0,0,0,0,0,0
0,22/03/22,02:30:31,33.17901608222819,51.85263519600839,40.890986266791,24.55512841672471,42.36893313222724,21.239112594074765,41.35904293531435,25.234022500158698,69.75578092073088,0,0,0,0,0,0,0
0,22/03/22,02:30:41,33.188970916805914,51.721470637409126,40.951091250842296,24.375514148206364,42.290422385360145,21.194056439045454,41.40063961748122,25.17164456675318,70.16813446093404,0,0,0,0,0,0,0
0,22/03/22,02:30:51,33.15840145697602,51.91617279745177,40.87808343399068,24.237855448595013,42.28724367423318,21.07816287745016,41.440920381600876,25.031837429513775,69.9586617921985,0,0,0,0,0,0,0
0,22/03/22,02:31:01,33.18188931237991,52.01163178751658,40.78215813530433,24.22269431487884,42.2876709203524,21.0390759610579,41.35782955633577,25.043324246604698,69.97340178331146,0,0,0,0,0,0,0
0,22/03/22,02:31:11,33.14378963969884,52.13449556437107,40.840673763792154,24.462953118261883,42.18689210575175,21.137489052861273,41.46416257048621,25.142677279870345,70.3776071296696,0,0,0,0,0,0,0
0,22/03/22,02:31:21,32.96727290554481,52.00412446285036,40.98581781541216,24.38624412931467,42.357858912817164,21.161024210514082,41.43999752998337,25.11471096960968,69.93394255244388,0,0,0,0,0,0,0
0,22/03/22,02:31:31,33.483012377203245,51.8599899327749,40.657402268493314,24.27256004050732,42.228813494969216,21.060914341265818,41.36883541636678,25.033070339743514,70.18324066300633,0,0,0,0,0,0,0
0,22/03/22,02:31:41,34.26369784854041,51.552845749428606,40.83711907608027,24.1172865937523,42.255730000479815,20.934595974361656,41.41024411024118,24.887855487338037,70.32047822001442,0,0,0,0,0,0,0
0,22/03/22,02:31:51,33.76744079991821,51.508213788760536,40.90860589674746,24.02163229117586,42.32781496571391,20.866016868711522,41.33120357818625,24.76906885916405,69.61085293357687,0,0,0,0,0,0,0
0,22/03/22,02:32:01,31.536308159608136,51.34863736323341,40.848381283782786,23.878187458407133,42.43513919086094,20.758778092788344,41.26959468779532,24.62080224876417,69.53898403280877,0,0,0,0,0,0,0
0,22/03/22,02:32:11,31.450175341974212,51.34364773891257,40.77956047889951,23.865931598301625,42.200905778462044,20.665394298159736,41.30896969014225,24.52284081714397,69.62779019044577,0,0,0,0,0,0,0
0,22/03/22,02:32:21,31.268948219355835,51.343266269163266,40.79666741351291,23.701869088522738,42.434899933034174,20.61571167801092,41.40275875823251,24.393629383661114,69.73747037276448,0,0,0,0,0,0,0
0,22/03/22,02:32:31,31.315603495574198,51.633335866530885,40.88156976232348,23.73663471559493,42.37173586676931,20.55683716278298,41.341662563184656,24.462354973694982,69.80467008380114,0,0,0,0,0,0,0
0,22/03/22,02:32:41,31.290353249928547,51.91072540943178,40.905358826241425,23.91582173799406,42.25479005901755,20.632349862596385,41.41003903210395,24.639417972530005,69.60435268904881,0,0,0,0,0,0,0
0,22/03/22,02:32:51,31.206527561338394,52.3283432321753,40.9818700612706,24.185609351730903,42.4764111659772,20.833118917531905,41.182316850561904,24.88610988176524,69.61378262125149,0,0,0,0,0,0,0
0,22/03/22,02:33:01,31.204989475309215,52.67035375060759,40.90693109196013,24.468995599090793,42.50112308151263,21.048231235041097,41.38592526113541,25.07844387760424,69.85795377838335,0,0,0,0,0,0,0
0,22/03/22,02:33:11,31.174708406609795,52.53624424554373,40.887910094732646,24.63203271818356,42.31325441797104,21.221986128210197,41.259545859071366,25.23056791010904,69.69993374943337,0,0,0,0,0,0,0
0,22/03/22,02:33:21,31.116816557456048,52.10870820931841,40.933522890420136,24.480799799013127,42.321867699734426,21.204298138874663,41.210480914740614,25.214027381779395,69.54841396501145,0,0,0,0,0,0,0
0,22/03/22,02:33:31,31.1624464429883,52.11291963535068,40.980058537725114,24.261268535928043,42.29908693665783,21.044935336407143,41.321735804184414,25.080946319159647,69.73692105632549,0,0,0,0,0,0,0
0,22/03/22,02:33:41,31.111102140611536,52.17985994695782,40.97086420123961,24.09439840879431,42.36503664761999,20.934962185320984,41.44447506931276,24.862000993609488,69.89347624143814,0,0,0,0,0,0,0
0,22/03/22,02:33:51,31.0179518054695,52.11990816115785,40.88295403974975,24.02712545556578,42.43014895618849,20.816956807193566,41.37811520207616,24.798146009334683,69.86655973592757,0,0,0,0,0,0,0
0,22/03/22,02:34:01,30.867967055318775,51.97890168302665,40.9645409586752,23.933741660937173,42.415981474875295,20.749146744558022,41.41441403236472,24.679908697599693,69.81263517216651,0,0,0,0,0,0,0
0,22/03/22,02:34:11,30.944508197576297,52.33179171870898,40.932736757560775,23.845313921291467,42.484580111776594,20.6424206639779,41.34940426286484,24.58792871164851,69.93760466203716,0,0,0,0,0,0,0
0,22/03/22,02:34:21,31.021999962449065,52.59654698351305,40.78285881893986,23.840003862381213,42.428815948296545,20.67431763853536,41.381037565531585,24.60676416198994,69.74149869331707,0,0,0,0,0,0,0
0,22/03/22,02:34:31,30.82967512188405,52.80621801651823,40.92752435490634,24.102247530355903,42.345622583962836,20.735572524998936,41.39252194121612,24.766529796512714,69.66450283911837,0,0,0,0,0,0,0
0,22/03/22,02:34:41,30.645500001043075,52.88203894388908,40.90705072087353,24.3126723475857,42.21290284948962,20.965418730105085,41.361640591719194,24.94433742429837,69.6198251020804,0,0,0,0,0,0,0
0,22/03/22,02:34:51,31.031901391261894,52.6046951773581,40.979409123623924,24.343153306433756,42.391132840581704,21.08877078823869,41.4095776062952,25.057057157579493,69.83021329821426,0,0,0,0,0,0,0
0,22/03/22,02:35:01,30.944273212210728,52.328389008545216,40.93119867153159,24.295728987200796,42.262001973509896,21.029713167531085,41.33523678155164,25.013160670588057,69.85694669824518,0,0,0,0,0,0,0
0,22/03/22,02:35:11,30.987542562934312,51.96619111097998,40.73907463664261,24.130665500799743,42.284492209225434,20.945374783597874,41.381430631961265,24.86843409946168,69.691419344629,0,0,0,0,0,0,0
0,22/03/22,02:35:21,30.97215102148956,51.89983063339177,40.88150140294441,24.053199675869923,42.4281836240401,20.784974383412266,41.46356442591933,24.77832178940307,69.84156583795341,0,0,0,0,0,0,0
0,22/03/22,02:35:31,31.035372765980526,52.06148225435508,40.839631283261255,23.90724019451381,42.32714846176795,20.778590105687982,41.480688450377485,24.649122562952194,69.64253018155874,0,0,0,0,0,0,0
0,22/03/22,02:35:41,31.061616358853353,52.39043124857135,40.90274407999182,23.822376908205563,42.35310793597148,20.710706800860574,41.25262447194008,24.609925783272136,70.0142343052765,0,0,0,0,0,0,0
0,22/03/22,02:35:51,30.97219374610148,52.60161290178376,40.96575433765378,24.01052389207625,42.33208742690607,20.757276627855102,41.40990231334581,24.71256250813976,66.1336798747587,0,0,0,0,0,0,0
0,22/03/22,02:36:01,30.869141982146616,52.39969333408435,40.84398919367726,24.30520164401541,42.319680199604036,20.94823122908063,41.422617157853665,24.881922869796924,69.95884489767819,0,0,0,0,0,0,0
0,22/03/22,02:36:11,30.752717414660296,52.18323213954163,40.790754327222956,24.34395897054428,42.18535401972258,21.031031526984663,41.51698728066607,24.95588527654918,69.83067106191342,0,0,0,0,0,0,0
0,22/03/22,02:36:21,30.848431226517626,52.19501192540001,40.89298577862894,24.158326635260977,42.330122094757684,20.998255646124818,41.370048795345355,24.84670558254156,69.78068326596515,0,0,0,0,0,0,0
0,22/03/22,02:36:31,30.79489728777988,52.389454686013146,41.055595651602474,24.1307997781515,42.3332666261951,20.866907982045888,41.31917232746912,24.843177750300036,69.74992154538164,0,0,0,0,0,0,0
0,22/03/22,02:36:41,30.792643564501024,52.67494664638916,40.93302728492185,24.195606910920556,42.29095217054797,20.92751589581465,41.39235104276841,24.879872088424687,69.86051725509861,0,0,0,0,0,0,0
0,22/03/22,02:36:51,30.894979691206196,52.88495337277372,40.83166741559907,24.293299787837253,42.40336916943605,20.997327911694523,41.496069310669256,25.029457058278147,69.62394497537284,0,0,0,0,0,0,0
0,22/03/22,02:37:01,30.92124464638499,53.02341163297961,40.876801695633034,24.441603019333066,42.25665285209733,21.09937869902722,41.30874752216026,25.127064485971,69.91489958255882,0,0,0,0,0,0,0
0,22/03/22,02:37:11,30.928059221986484,53.02541053446595,40.94093988304972,24.356703111928887,42.29737795218098,21.164491007595718,41.48190182935606,25.17037503542751,69.85429166879007,0,0,0,0,0,0,0
0,22/03/22,02:37:21,30.879449294772698,53.09601295566637,40.84715081495946,24.478163080105965,42.306093773012975,21.193348431190753,41.31394283496992,25.233534218879594,69.64957974252579,0,0,0,0,0,0,0
0,22/03/22,02:37:31,30.907337785204515,52.88832556535753,40.965685978274706,24.6972304759759,42.348374048970584,21.322681934993383,41.476723606391175,25.332948287305136,69.94373869560592,0,0,0,0,0,0,0
0,22/03/22,02:37:41,30.819218273116245,52.38603671705942,40.88932855184845,24.709950203296554,42.34863039664211,21.35494512051017,41.26098140603193,25.389320360977674,69.79240201666364,0,0,0,0,0,0,0
0,22/03/22,02:37:51,30.92705519360633,52.18562776956723,40.84674065868502,24.446656730571792,42.26331789155708,21.305152637073558,41.3124389286303,25.148133823164333,69.8767220900489,0,0,0,0,0,0,0
0,22/03/22,02:38:01,30.836671277086214,52.184025596620174,40.941127871342175,24.23935691352826,42.39460207906973,21.14498417049552,41.32689693730454,25.033985867141833,66.70570139322885,0,0,0,0,0,0,0
0,22/03/22,02:38:11,30.98021529198976,51.97684174638043,40.94669916073674,24.296485823183406,42.27630617358125,21.049891391390048,41.27164546916757,25.07304836947014,69.44441005256233,0,0,0,0,0,0,0
0,22/03/22,02:38:21,30.874546645554698,51.97986298679489,40.845544369551206,24.2195571076606,42.19295900064462,20.989991485475986,41.188332475920475,24.940809592056844,69.7696053844455,0,0,0,0,0,0,0
0,22/03/22,02:38:31,30.988567953620432,52.26671297947841,40.84525384219013,24.039991667270165,42.28645754137382,20.858533958109255,41.33132320709963,24.777064465109376,69.77848600020918,0,0,0,0,0,0,0
0,22/03/22,02:38:41,30.704897892767057,52.390950047430394,40.93254876926832,24.046790984081685,42.36862551502142,20.842567160282563,41.40658688346069,24.803517103404825,69.80036710502901,0,0,0,0,0,0,0
0,22/03/22,02:38:51,30.587031369628395,52.326542694958604,40.84925286586599,24.292640608110464,42.43614749170227,20.99356814584542,41.38245602264739,24.925270040349368,69.65507290691569,0,0,0,0,0,0,0
0,22/03/22,02:39:01,30.553770259247436,52.183049034061966,40.74375725410921,24.270753399774634,42.40738528295667,20.98368044994357,41.367570767853906,24.95145412394131,69.56223842872606,0,0,0,0,0,0,0
0,22/03/22,02:39:11,30.566395382070265,52.319523651571494,40.874272398607275,24.094776826785612,42.21789308416206,20.94792605328119,41.34508053213837,24.856288102643973,69.7263924912448,0,0,0,0,0,0,0
0,22/03/22,02:39:21,29.864483413963526,52.38196262013688,41.054348092934376,24.053236296965856,42.45110110587483,20.78753786012756,41.357248501613654,24.822169448266592,69.66615078843539,0,0,0,0,0,0,0
0,22/03/22,02:39:31,29.884980546532898,52.59381566010806,41.03413080657309,24.2446181443106,42.31157961318371,20.915772731052204,41.25166744063303,25.00522609980262,69.75587247347069,0,0,0,0,0,0,0
0,22/03/22,02:39:41,30.03959023592414,53.01759803400028,40.99243158533761,24.40517723591192,42.318107933885315,21.069874302737375,41.40347653171281,25.18601224339081,69.67439053502025,0,0,0,0,0,0,0
0,22/03/22,02:39:51,30.156751802966106,53.37834634651819,40.7334178980242,24.588050781968285,42.5737720116241,21.26871464662043,41.399904754156154,25.288917522961945,70.06889129095622,0,0,0,0,0,0,0
0,22/03/22,02:40:01,30.395464890924984,53.24144448288944,41.04030024053455,24.705787605392196,42.33868410698676,21.397254693344518,41.46657223859859,25.44517973930715,69.55106899446658,0,0,0,0,0,0,0
